{
    "MAE": 4533.19870375,
    "RMSE": 5988.087169730707,
    "R2": 0.10648101432415713,
    "MAPE": 0.9765346365423119
}